{
  "zz_sl_signal": 0.172,
  "zz_sl_background": 2.217,
  "zh_hbb_zll": 0.0482,
  "zh_htt": 0.054,
  "wjets_ht1": 61526.7,
  "wjets_ht2": 1244.0,
  "wjets_ht3": 337.8,
  "wjets_ht4": 44.93,
  "wjets_ht5": 11.19,
  "wjets_ht6": 4.926,
  "wjets_ht7": 1.152,
  "wjets_ht8": 0.0002507,
  "dy": 6424.0,
  "dy_ptz1": 1485.0,
  "dy_ptz2": 397.4,
  "dy_ptz3": 97.2,
  "dy_ptz4": 3.701,
  "dy_ptz5": 0.5086,
  "dy_ptz6": 0.040981055,
  "dy_0j": 5090.0,
  "dy_1j": 983.5,
  "dy_2j": 353.6,
  "ewk_z": 6.215,
  "ewk_wplus": 39.05,
  "ewk_wminus": 32.05,
  "tt_dl": 88.29,
  "tt_sl": 365.34,
  "tt_fh": 377.96,
  "st_tw_antitop": 35.85,
  "st_tw_top": 35.85,
  "st_antitop": 80.95,
  "st_top": 136.02,
  "zz_dl": 1.26,
  "zz_fh": 3.262,
  "zz_lnu": 0.564,
  "zz_qnu": 4.07,
  "wz_lllnu": 4.43,
  "wz_lnuqq": 10.71,
  "wz_llqq": 5.595,
  "wz_lnununu": 3.414,
  "ww_llnunu": 12.178,
  "ww_lnuqq": 49.997,
  "ww_qqqq": 51.723,
  "zzz": 0.0147,
  "wzz": 0.057,
  "www": 0.209,
  "wwz": 0.168,
  "ttw_lnu": 0.2043,
  "ttw_qq": 0.4062,
  "ttww": 0.00698,
  "ttwz": 0.002441,
  "ttwh": 0.00158,
  "ttzh": 0.00154,
  "ttz_llnunu": 0.2529,
  "ttz_qq": 0.5297,
  "ttzz": 0.001386,
  "wminush_htt": 0.0334,
  "wplush_htt": 0.05268,
  "tth_bb": 0.2953,
  "tth_tautau": 0.031805,
  "ggH_ZZ": 28.87,
  "ggf_sm": 0.002268
}